,time,tagID,x,y,z,quality
0,2021-09-06 00:00:00.000,tag1,2.576144538736413,4.178873806253867,0.0,0
1,2021-09-06 00:00:00.100,tag1,2.6200860929262944,4.175707421215053,0.0,0
2,2021-09-06 00:00:00.200,tag1,2.588634379771388,4.205082179399653,0.0,0
3,2021-09-06 00:00:00.300,tag1,2.616952195161086,4.157711093215203,0.0,0
4,2021-09-06 00:00:00.400,tag1,2.6252287979793274,4.199491422340211,0.0,0
5,2021-09-06 00:00:00.500,tag1,2.598181494528025,4.219945161627188,0.0,0
6,2021-09-06 00:00:00.600,tag1,2.6080924125162204,4.205790434605974,0.0,0
7,2021-09-06 00:00:00.700,tag1,2.5669452191887316,4.222600210602553,0.0,0
8,2021-09-06 00:00:00.800,tag1,2.6023155323211,4.1972002240541695,0.0,0
9,2021-09-06 00:00:00.900,tag1,2.6305376036865424,4.219376755365421,0.0,0
10,2021-09-06 00:00:01.000,tag1,2.5858398269737775,4.187148031329549,0.0,0
11,2021-09-06 00:00:01.100,tag1,2.57880885891198,4.223896817123355,0.0,0
12,2021-09-06 00:00:01.200,tag1,2.6209421528052834,4.204414811659742,0.0,0
13,2021-09-06 00:00:01.300,tag1,2.613792123071371,4.189301525415025,0.0,0
14,2021-09-06 00:00:01.400,tag1,2.637774728209833,4.21032579150181,0.0,0
15,2021-09-06 00:00:01.500,tag1,2.559879681414368,4.188684436909544,0.0,0
16,2021-09-06 00:00:01.600,tag1,2.562650570012982,4.196026059465643,0.0,0
17,2021-09-06 00:00:01.700,tag1,2.60244557162098,4.212219726930226,0.0,0
18,2021-09-06 00:00:01.800,tag1,2.595182826474752,4.234168266598037,0.0,0
19,2021-09-06 00:00:01.900,tag1,2.6365614556686547,4.193426570320415,0.0,0
20,2021-09-06 00:00:02.000,tag1,2.572353372098108,4.264735987744162,0.0,0
21,2021-09-06 00:00:02.100,tag1,2.6209842103979057,4.261350522471095,0.0,0
22,2021-09-06 00:00:02.200,tag1,2.5965161602367988,4.324596583258714,0.0,0
23,2021-09-06 00:00:02.300,tag1,2.5978253807274143,4.319952878314979,0.0,0
24,2021-09-06 00:00:02.400,tag1,2.619067009674809,4.383666245355198,0.0,0
25,2021-09-06 00:00:02.500,tag1,2.6048641361473597,4.433719744701809,0.0,0
26,2021-09-06 00:00:02.600,tag1,2.643842296856018,4.49472724944294,0.0,0
27,2021-09-06 00:00:02.700,tag1,2.603864530651729,4.5218222163165045,0.0,0
28,2021-09-06 00:00:02.800,tag1,2.5917926536332994,4.561277807044927,0.0,0
29,2021-09-06 00:00:02.900,tag1,2.586527130380768,4.57657095325949,0.0,0
30,2021-09-06 00:00:03.000,tag1,2.603791111376098,4.607957752679739,0.0,0
31,2021-09-06 00:00:03.100,tag1,2.5783741526977595,4.656830516565857,0.0,0
32,2021-09-06 00:00:03.200,tag1,2.64957254205726,4.714527138080638,0.0,0
33,2021-09-06 00:00:03.300,tag1,2.5845903409560167,4.765547483446984,0.0,0
34,2021-09-06 00:00:03.400,tag1,2.61269217023363,4.783272859515939,0.0,0
35,2021-09-06 00:00:03.500,tag1,2.6026615548739174,4.837330657750022,0.0,0
36,2021-09-06 00:00:03.600,tag1,2.5879940638090924,4.872265325551479,0.0,0
37,2021-09-06 00:00:03.700,tag1,2.603543224936878,4.9334977568551555,0.0,0
38,2021-09-06 00:00:03.800,tag1,2.599828431589326,4.966558450154854,0.0,0
39,2021-09-06 00:00:03.900,tag1,2.6153410063044196,5.0212700660185945,0.0,0
40,2021-09-06 00:00:04.000,tag1,2.593552672282255,5.060107966811899,0.0,0
41,2021-09-06 00:00:04.100,tag1,2.590878889867871,5.051493818152583,0.0,0
42,2021-09-06 00:00:04.200,tag1,2.5963343081985304,5.109643871572515,0.0,0
43,2021-09-06 00:00:04.300,tag1,2.5810892308520046,5.177086557965276,0.0,0
44,2021-09-06 00:00:04.400,tag1,2.621428932587089,5.227728743276853,0.0,0
45,2021-09-06 00:00:04.500,tag1,2.600327314819749,5.243965915068066,0.0,0
46,2021-09-06 00:00:04.600,tag1,2.5829268371285363,5.277762640433013,0.0,0
47,2021-09-06 00:00:04.700,tag1,2.610060321921201,5.318597904431702,0.0,0
48,2021-09-06 00:00:04.800,tag1,2.5841949837097347,5.431866183769007,0.0,0
49,2021-09-06 00:00:04.900,tag1,2.5770193817399702,5.449316455252556,0.0,0
50,2021-09-06 00:00:05.000,tag1,2.585023242649042,5.449697377192602,0.0,0
51,2021-09-06 00:00:05.100,tag1,2.5885497884008157,5.536059375639784,0.0,0
52,2021-09-06 00:00:05.200,tag1,2.590956830959695,5.534051034020439,0.0,0
53,2021-09-06 00:00:05.300,tag1,2.579939670725826,5.559874441796709,0.0,0
54,2021-09-06 00:00:05.400,tag1,2.598924409165117,5.6127397828103325,0.0,0
55,2021-09-06 00:00:05.500,tag1,2.605619841488234,5.668471519271298,0.0,0
56,2021-09-06 00:00:05.600,tag1,2.61366535895838,5.675802657975191,0.0,0
57,2021-09-06 00:00:05.700,tag1,2.604169295583575,5.7550349831883345,0.0,0
58,2021-09-06 00:00:05.800,tag1,2.574463525902581,5.7742083290755835,0.0,0
59,2021-09-06 00:00:05.900,tag1,2.6338056447280938,5.790710731567896,0.0,0
60,2021-09-06 00:00:06.000,tag1,2.61794871957935,5.8694855406141,0.0,0
61,2021-09-06 00:00:06.100,tag1,2.5986255177384336,5.917444689409984,0.0,0
62,2021-09-06 00:00:06.200,tag1,2.6097642815397366,5.944725072306342,0.0,0
63,2021-09-06 00:00:06.300,tag1,2.5859600636854614,5.976845946755134,0.0,0
64,2021-09-06 00:00:06.400,tag1,2.593507223022119,6.041800932234187,0.0,0
65,2021-09-06 00:00:06.500,tag1,2.559361175987862,6.035383655982256,0.0,0
66,2021-09-06 00:00:06.600,tag1,2.588979925739396,6.089372872714143,0.0,0
67,2021-09-06 00:00:06.700,tag1,2.615496429358693,6.163051346361056,0.0,0
68,2021-09-06 00:00:06.800,tag1,2.604476113954281,6.181472066248291,0.0,0
69,2021-09-06 00:00:06.900,tag1,2.609986966273385,6.227051839350961,0.0,0
70,2021-09-06 00:00:07.000,tag1,2.587895816529383,6.294845460190694,0.0,0
71,2021-09-06 00:00:07.100,tag1,2.6132146579140465,6.295725801507466,0.0,0
72,2021-09-06 00:00:07.200,tag1,2.5976152104022887,6.359383729056049,0.0,0
73,2021-09-06 00:00:07.300,tag1,2.5926471642562534,6.412278219998768,0.0,0
74,2021-09-06 00:00:07.400,tag1,2.605330331885703,6.484659716076318,0.0,0
75,2021-09-06 00:00:07.500,tag1,2.6344801975914365,6.455697198828414,0.0,0
76,2021-09-06 00:00:07.600,tag1,2.60023589405471,6.493940550318406,0.0,0
77,2021-09-06 00:00:07.700,tag1,2.591321264131995,6.568127154144947,0.0,0
78,2021-09-06 00:00:07.800,tag1,2.5677929471620344,6.563785229725555,0.0,0
79,2021-09-06 00:00:07.900,tag1,2.5997823566008793,6.647697955936001,0.0,0
80,2021-09-06 00:00:08.000,tag1,2.4773737667444715,6.666248183499763,0.0,0
81,2021-09-06 00:00:08.100,tag1,2.5020938872296252,6.715231237294001,0.0,0
82,2021-09-06 00:00:08.200,tag1,2.507508040119516,6.652138322724394,0.0,0
83,2021-09-06 00:00:08.300,tag1,2.506164204459253,6.684885209005866,0.0,0
84,2021-09-06 00:00:08.400,tag1,2.5120963883160092,6.6596494429025554,0.0,0
85,2021-09-06 00:00:08.500,tag1,2.4898631783866865,6.673177990764787,0.0,0
86,2021-09-06 00:00:08.600,tag1,2.505734085586383,6.6557288117739715,0.0,0
87,2021-09-06 00:00:08.700,tag1,2.4760297469181083,6.641340572634386,0.0,0
88,2021-09-06 00:00:08.800,tag1,2.4631535396156035,6.651176436505107,0.0,0
89,2021-09-06 00:00:08.900,tag1,2.487477940801278,6.702867594677505,0.0,0
90,2021-09-06 00:00:09.000,tag1,2.5215126109001025,6.639600414787073,0.0,0
91,2021-09-06 00:00:09.100,tag1,2.4829012363374763,6.622312590467963,0.0,0
92,2021-09-06 00:00:09.200,tag1,2.5142528694329385,6.6711987891610764,0.0,0
93,2021-09-06 00:00:09.300,tag1,2.493420043267838,6.63739921757535,0.0,0
94,2021-09-06 00:00:09.400,tag1,2.511691698531378,6.65225810860314,0.0,0
95,2021-09-06 00:00:09.500,tag1,2.4633119370403036,6.651630931301587,0.0,0
96,2021-09-06 00:00:09.600,tag1,2.4929958826785876,6.6357940090484275,0.0,0
97,2021-09-06 00:00:09.700,tag1,2.507863033857413,6.653985717726059,0.0,0
98,2021-09-06 00:00:09.800,tag1,2.4771377456614854,6.642158197894971,0.0,0
99,2021-09-06 00:00:09.900,tag1,2.514666463994607,6.643838828402947,0.0,0
100,2021-09-06 00:00:10.000,tag1,2.4721389840996237,6.671122910521523,0.0,0
101,2021-09-06 00:00:10.100,tag1,2.4370969736731865,6.653202834917885,0.0,0
102,2021-09-06 00:00:10.200,tag1,2.3883362438976667,6.686099162936575,0.0,0
103,2021-09-06 00:00:10.300,tag1,2.342630032709118,6.658132625799043,0.0,0
104,2021-09-06 00:00:10.400,tag1,2.3028041989977464,6.6420671347914455,0.0,0
105,2021-09-06 00:00:10.500,tag1,2.245821309442326,6.629963159235263,0.0,0
106,2021-09-06 00:00:10.600,tag1,2.1734911366562857,6.66809687175609,0.0,0
107,2021-09-06 00:00:10.700,tag1,2.136707896757825,6.66482027119924,0.0,0
108,2021-09-06 00:00:10.800,tag1,2.1160558285643765,6.656177404595542,0.0,0
109,2021-09-06 00:00:10.900,tag1,2.0315171085755312,6.658074938991751,0.0,0
110,2021-09-06 00:00:11.000,tag1,1.9656347019771592,6.6522789179474415,0.0,0
111,2021-09-06 00:00:11.100,tag1,1.975197648589123,6.696807158352505,0.0,0
112,2021-09-06 00:00:11.200,tag1,1.919857527482257,6.671287287066645,0.0,0
113,2021-09-06 00:00:11.300,tag1,1.8788079283262369,6.651748712031712,0.0,0
114,2021-09-06 00:00:11.400,tag1,1.8391248363626183,6.673182193885311,0.0,0
115,2021-09-06 00:00:11.500,tag1,1.7819938110252802,6.659126925593472,0.0,0
116,2021-09-06 00:00:11.600,tag1,1.709850409929663,6.626901430212796,0.0,0
117,2021-09-06 00:00:11.700,tag1,1.6604429812245525,6.695543390881859,0.0,0
118,2021-09-06 00:00:11.800,tag1,1.629468598977919,6.6383134126202314,0.0,0
119,2021-09-06 00:00:11.900,tag1,1.553368629980656,6.649616320256555,0.0,0
120,2021-09-06 00:00:12.000,tag1,1.4955286493249602,6.639772392021472,0.0,0
121,2021-09-06 00:00:12.100,tag1,1.4415881581841874,6.657832875205182,0.0,0
122,2021-09-06 00:00:12.200,tag1,1.4498903384863553,6.656229816165472,0.0,0
123,2021-09-06 00:00:12.300,tag1,1.3682261311459607,6.65986102830834,0.0,0
124,2021-09-06 00:00:12.400,tag1,1.3076904389468038,6.676438868489185,0.0,0
125,2021-09-06 00:00:12.500,tag1,1.2701116792152098,6.680897167721862,0.0,0
126,2021-09-06 00:00:12.600,tag1,1.2374414631668684,6.681415039778843,0.0,0
127,2021-09-06 00:00:12.700,tag1,1.2092191895989637,6.662621513874746,0.0,0
128,2021-09-06 00:00:12.800,tag1,1.1322113255158048,6.6901784322255695,0.0,0
129,2021-09-06 00:00:12.900,tag1,1.0484797032079927,6.672372960951688,0.0,0
130,2021-09-06 00:00:13.000,tag1,1.0257852930700841,6.646704731734384,0.0,0
131,2021-09-06 00:00:13.100,tag1,1.050567840097509,6.637897354288894,0.0,0
132,2021-09-06 00:00:13.200,tag1,1.0345312987611184,6.6529391894285,0.0,0
133,2021-09-06 00:00:13.300,tag1,1.0644574025547655,6.648411902885527,0.0,0
134,2021-09-06 00:00:13.400,tag1,1.066754135394731,6.650010034359294,0.0,0
135,2021-09-06 00:00:13.500,tag1,1.0590729798177532,6.635969069932328,0.0,0
136,2021-09-06 00:00:13.600,tag1,1.0331606546701066,6.659010149164049,0.0,0
137,2021-09-06 00:00:13.700,tag1,1.0551960232092816,6.618757348431716,0.0,0
138,2021-09-06 00:00:13.800,tag1,1.0342190921211216,6.711461192698157,0.0,0
139,2021-09-06 00:00:13.900,tag1,1.0363571749382334,6.677552902908341,0.0,0
140,2021-09-06 00:00:14.000,tag1,1.054045588187718,6.642743477543194,0.0,0
141,2021-09-06 00:00:14.100,tag1,1.058961852761915,6.709140748802823,0.0,0
142,2021-09-06 00:00:14.200,tag1,1.0796851961053595,6.685972326531349,0.0,0
143,2021-09-06 00:00:14.300,tag1,1.0741672451701088,6.652627425586273,0.0,0
144,2021-09-06 00:00:14.400,tag1,1.0422961063282319,6.644367473361187,0.0,0
145,2021-09-06 00:00:14.500,tag1,1.0568382101113043,6.648466940669513,0.0,0
146,2021-09-06 00:00:14.600,tag1,1.012369770229827,6.6489582320969856,0.0,0
147,2021-09-06 00:00:14.700,tag1,1.0690467530150713,6.667762654696835,0.0,0
148,2021-09-06 00:00:14.800,tag1,1.0439370179721874,6.654115748808284,0.0,0
149,2021-09-06 00:00:14.900,tag1,1.0488820854890748,6.619697952603714,0.0,0
150,2021-09-06 00:00:15.000,tag1,1.0677298723630457,6.637913845663719,0.0,0
151,2021-09-06 00:00:15.100,tag1,1.0892771073429626,6.661051735779372,0.0,0
152,2021-09-06 00:00:15.200,tag1,1.1608771599222183,6.635327318872704,0.0,0
153,2021-09-06 00:00:15.300,tag1,1.2024321813135366,6.674011455493008,0.0,0
154,2021-09-06 00:00:15.400,tag1,1.229488718470341,6.6750215496762255,0.0,0
155,2021-09-06 00:00:15.500,tag1,1.2946745392064547,6.654367946795808,0.0,0
156,2021-09-06 00:00:15.600,tag1,1.2849898965486495,6.6770607010992,0.0,0
157,2021-09-06 00:00:15.700,tag1,1.3944925713040321,6.660688999248608,0.0,0
158,2021-09-06 00:00:15.800,tag1,1.4389207132096495,6.612854194390307,0.0,0
159,2021-09-06 00:00:15.900,tag1,1.5012660159439934,6.679170110017141,0.0,0
160,2021-09-06 00:00:16.000,tag1,1.543764503004204,6.666168870653724,0.0,0
161,2021-09-06 00:00:16.100,tag1,1.585480437664542,6.660973474063004,0.0,0
162,2021-09-06 00:00:16.200,tag1,1.614035207804772,6.671031078551763,0.0,0
163,2021-09-06 00:00:16.300,tag1,1.675034996401076,6.661923638289293,0.0,0
164,2021-09-06 00:00:16.400,tag1,1.7333409015237202,6.652812078985716,0.0,0
165,2021-09-06 00:00:16.500,tag1,1.8132040120283768,6.676183699226749,0.0,0
166,2021-09-06 00:00:16.600,tag1,1.8331425943868833,6.668629974180601,0.0,0
167,2021-09-06 00:00:16.700,tag1,1.9143000345257017,6.654748679443578,0.0,0
168,2021-09-06 00:00:16.800,tag1,1.9401803077255964,6.642842719391402,0.0,0
169,2021-09-06 00:00:16.900,tag1,1.9805779747911298,6.637422001395366,0.0,0
170,2021-09-06 00:00:17.000,tag1,2.026372488879172,6.6604162345029545,0.0,0
171,2021-09-06 00:00:17.100,tag1,2.0632312219598092,6.652905590121861,0.0,0
172,2021-09-06 00:00:17.200,tag1,2.1449982608349387,6.660647186643634,0.0,0
173,2021-09-06 00:00:17.300,tag1,2.1675498377225946,6.67101687538456,0.0,0
174,2021-09-06 00:00:17.400,tag1,2.225145567402318,6.670843936234696,0.0,0
175,2021-09-06 00:00:17.500,tag1,2.269678749946646,6.654669439422218,0.0,0
176,2021-09-06 00:00:17.600,tag1,2.3160786582767185,6.641842114809027,0.0,0
177,2021-09-06 00:00:17.700,tag1,2.385771988306433,6.647040210669007,0.0,0
178,2021-09-06 00:00:17.800,tag1,2.3873884484875285,6.6595741979764975,0.0,0
179,2021-09-06 00:00:17.900,tag1,2.4832449460092336,6.670207850950456,0.0,0
180,2021-09-06 00:00:18.000,tag1,2.3961754928950594,6.708012969834588,0.0,0
181,2021-09-06 00:00:18.100,tag1,2.4074355387655673,6.691156765382614,0.0,0
182,2021-09-06 00:00:18.200,tag1,2.386194305037255,6.767537357891266,0.0,0
183,2021-09-06 00:00:18.300,tag1,2.411107218724854,6.791559946314262,0.0,0
184,2021-09-06 00:00:18.400,tag1,2.3954940058316696,6.843039251262654,0.0,0
185,2021-09-06 00:00:18.500,tag1,2.403401880828978,6.910501714020605,0.0,0
186,2021-09-06 00:00:18.600,tag1,2.3963805525992394,6.883145935079476,0.0,0
187,2021-09-06 00:00:18.700,tag1,2.3438090031627032,6.942501876536633,0.0,0
188,2021-09-06 00:00:18.800,tag1,2.4418042308781662,7.004739257810485,0.0,0
189,2021-09-06 00:00:18.900,tag1,2.3632615237835695,7.069828317203349,0.0,0
190,2021-09-06 00:00:19.000,tag1,2.4281806880933705,7.083305300570408,0.0,0
191,2021-09-06 00:00:19.100,tag1,2.4217067011947857,7.10556586121256,0.0,0
192,2021-09-06 00:00:19.200,tag1,2.3880118691511645,7.170524022122813,0.0,0
193,2021-09-06 00:00:19.300,tag1,2.3741167241011696,7.2336272400592,0.0,0
194,2021-09-06 00:00:19.400,tag1,2.380109780513498,7.19795802372192,0.0,0
195,2021-09-06 00:00:19.500,tag1,2.428904897185467,7.259016844869836,0.0,0
196,2021-09-06 00:00:19.600,tag1,2.401300185791496,7.317965108626848,0.0,0
197,2021-09-06 00:00:19.700,tag1,2.416911544825542,7.337314221791403,0.0,0
198,2021-09-06 00:00:19.800,tag1,2.4222428370152644,7.427637020859423,0.0,0
199,2021-09-06 00:00:19.900,tag1,2.405792603203843,7.469828894162314,0.0,0
200,2021-09-06 00:00:20.000,tag1,2.4181427822483115,7.498569683067672,0.0,0
201,2021-09-06 00:00:20.100,tag1,2.3637889538847054,7.521454140421475,0.0,0
202,2021-09-06 00:00:20.200,tag1,2.3900811001666384,7.5977077027548034,0.0,0
203,2021-09-06 00:00:20.300,tag1,2.382664659844134,7.607684819732997,0.0,0
204,2021-09-06 00:00:20.400,tag1,2.4018548752116127,7.67584495040148,0.0,0
205,2021-09-06 00:00:20.500,tag1,2.3771041554974888,7.6733464174253205,0.0,0
206,2021-09-06 00:00:20.600,tag1,2.4172731639491207,7.745088266072175,0.0,0
207,2021-09-06 00:00:20.700,tag1,2.3998867870844753,7.775580157960775,0.0,0
208,2021-09-06 00:00:20.800,tag1,2.4177703027580897,7.800122315294456,0.0,0
209,2021-09-06 00:00:20.900,tag1,2.3803055657938654,7.83066753667302,0.0,0
210,2021-09-06 00:00:21.000,tag1,2.168865038468363,7.8012200756145225,0.0,0
211,2021-09-06 00:00:21.100,tag1,2.133517360725298,7.899883745066561,0.0,0
212,2021-09-06 00:00:21.200,tag1,2.0931780250663277,7.964719649571965,0.0,0
213,2021-09-06 00:00:21.300,tag1,2.0383492251110256,7.972287735562779,0.0,0
214,2021-09-06 00:00:21.400,tag1,2.15738024540505,8.025389277198512,0.0,0
215,2021-09-06 00:00:21.500,tag1,2.0877194532077263,8.105618091727422,0.0,0
216,2021-09-06 00:00:21.600,tag1,2.096157551490893,8.202980705680721,0.0,0
217,2021-09-06 00:00:21.700,tag1,2.100584315430554,8.134550976700899,0.0,0
218,2021-09-06 00:00:21.800,tag1,2.209143602218832,8.213747973258016,0.0,0
219,2021-09-06 00:00:21.900,tag1,2.304288113612206,8.280495759808048,0.0,0
220,2021-09-06 00:00:22.000,tag1,2.1718132419881115,8.23598219969582,0.0,0
221,2021-09-06 00:00:22.100,tag1,2.0373496650834495,8.283692370230217,0.0,0
222,2021-09-06 00:00:22.200,tag1,2.084267541739338,8.31567139782879,0.0,0
223,2021-09-06 00:00:22.300,tag1,2.1507891070601057,8.400615500377038,0.0,0
224,2021-09-06 00:00:22.400,tag1,1.9293847490997416,8.440243230219883,0.0,0
225,2021-09-06 00:00:22.500,tag1,2.0348070084802568,8.50092080585297,0.0,0
226,2021-09-06 00:00:22.600,tag1,2.1465440370629416,8.581383046769128,0.0,0
227,2021-09-06 00:00:22.700,tag1,2.1256334131153536,8.657265154389533,0.0,0
228,2021-09-06 00:00:22.800,tag1,2.0754208413015705,8.574212172455189,0.0,0
229,2021-09-06 00:00:22.900,tag1,2.2121386691956415,8.655417765376821,0.0,0
230,2021-09-06 00:00:23.000,tag1,2.163155156266485,8.7498831543605,0.0,0
231,2021-09-06 00:00:23.100,tag1,2.1274075750787738,8.701090414444716,0.0,0
232,2021-09-06 00:00:23.200,tag1,2.198976780909601,8.658683630220597,0.0,0
233,2021-09-06 00:00:23.300,tag1,2.0319379247407583,8.783807633758931,0.0,0
234,2021-09-06 00:00:23.400,tag1,2.0599444843591566,8.921536916588776,0.0,0
235,2021-09-06 00:00:23.500,tag1,2.215413892107792,8.878114595572177,0.0,0
236,2021-09-06 00:00:23.600,tag1,2.124933404442817,8.818125842403097,0.0,0
237,2021-09-06 00:00:23.700,tag1,2.0436274505626315,9.059231560981921,0.0,0
238,2021-09-06 00:00:23.800,tag1,2.096496522528154,9.068732865812724,0.0,0
239,2021-09-06 00:00:23.900,tag1,2.051832278947038,9.060469523760746,0.0,0
240,2021-09-06 00:00:24.000,tag1,2.2132919771695385,8.716153390539752,0.0,0
241,2021-09-06 00:00:24.100,tag1,2.0373817060751587,8.721404145743747,0.0,0
242,2021-09-06 00:00:24.200,tag1,2.0412598191057683,8.613143195097626,0.0,0
243,2021-09-06 00:00:24.300,tag1,2.1000802744342093,8.641916602336506,0.0,0
244,2021-09-06 00:00:24.400,tag1,2.104492527100487,8.750007925819517,0.0,0
245,2021-09-06 00:00:24.500,tag1,2.05742493884643,8.690987962817458,0.0,0
246,2021-09-06 00:00:24.600,tag1,2.081336253921166,8.665850339431461,0.0,0
247,2021-09-06 00:00:24.700,tag1,2.1099460815480002,8.682427976051683,0.0,0
248,2021-09-06 00:00:24.800,tag1,2.0242297700751024,8.76245330009052,0.0,0
249,2021-09-06 00:00:24.900,tag1,2.1772767035628076,8.677176655994742,0.0,0
250,2021-09-06 00:00:25.000,tag1,2.1475239930430954,8.643736199871057,0.0,0
251,2021-09-06 00:00:25.100,tag1,2.137631986944839,8.682278851974285,0.0,0
252,2021-09-06 00:00:25.200,tag1,2.1638378707113337,8.659350383983469,0.0,0
253,2021-09-06 00:00:25.300,tag1,2.108999194375064,8.705005660464828,0.0,0
254,2021-09-06 00:00:25.400,tag1,2.0481425827165056,8.658381630443845,0.0,0
255,2021-09-06 00:00:25.500,tag1,2.017273164034674,8.584632530004704,0.0,0
256,2021-09-06 00:00:25.600,tag1,2.1642222178350528,8.670410614531198,0.0,0
257,2021-09-06 00:00:25.700,tag1,2.113469022315752,8.66531815961239,0.0,0
258,2021-09-06 00:00:25.800,tag1,2.0528384193220455,8.729447952121156,0.0,0
259,2021-09-06 00:00:25.900,tag1,1.9797282359453776,8.658686862837362,0.0,0
260,2021-09-06 00:00:26.000,tag1,2.0934053419726926,9.059980247322784,0.0,0
261,2021-09-06 00:00:26.100,tag1,2.1022229312412892,9.049948561314466,0.0,0
262,2021-09-06 00:00:26.200,tag1,2.145913838312775,9.071387171355896,0.0,0
263,2021-09-06 00:00:26.300,tag1,2.2447494487764055,9.050029917491093,0.0,0
264,2021-09-06 00:00:26.400,tag1,2.2840358839451196,8.983921256610797,0.0,0
265,2021-09-06 00:00:26.500,tag1,2.374805339888403,9.031275792332654,0.0,0
266,2021-09-06 00:00:26.600,tag1,2.426993436689297,9.055760692901632,0.0,0
267,2021-09-06 00:00:26.700,tag1,2.5160098231902435,9.095173853641048,0.0,0
268,2021-09-06 00:00:26.800,tag1,2.418407079647161,9.067441613722186,0.0,0
269,2021-09-06 00:00:26.900,tag1,2.5696605931523178,9.160404350644766,0.0,0
270,2021-09-06 00:00:27.000,tag1,2.6529764329692616,9.034163346460554,0.0,0
271,2021-09-06 00:00:27.100,tag1,2.6868409518790504,9.08834431451714,0.0,0
272,2021-09-06 00:00:27.200,tag1,2.7126971141261795,9.057807983777236,0.0,0
273,2021-09-06 00:00:27.300,tag1,2.863532348378717,9.003554059876047,0.0,0
274,2021-09-06 00:00:27.400,tag1,2.7223663705375336,9.088117021848733,0.0,0
275,2021-09-06 00:00:27.500,tag1,2.793809751951778,8.959022220525972,0.0,0
276,2021-09-06 00:00:27.600,tag1,2.8583780734475903,9.189267516924774,0.0,0
277,2021-09-06 00:00:27.700,tag1,2.879055790737055,9.023850303421401,0.0,0
278,2021-09-06 00:00:27.800,tag1,2.946851636567329,9.042295263158557,0.0,0
279,2021-09-06 00:00:27.900,tag1,3.098643671030116,9.143989656543253,0.0,0
280,2021-09-06 00:00:28.000,tag1,3.207092798472285,9.052773323602935,0.0,0
281,2021-09-06 00:00:28.100,tag1,3.136368069525693,8.970351219133828,0.0,0
282,2021-09-06 00:00:28.200,tag1,3.1851719567271712,9.06739162332602,0.0,0
283,2021-09-06 00:00:28.300,tag1,3.1465470729873415,9.104399454848489,0.0,0
284,2021-09-06 00:00:28.400,tag1,3.2704998453909147,9.028425549478563,0.0,0
285,2021-09-06 00:00:28.500,tag1,3.390488659729727,9.01023154261455,0.0,0
286,2021-09-06 00:00:28.600,tag1,3.255559453828721,8.993993769992406,0.0,0
287,2021-09-06 00:00:28.700,tag1,3.424941462613284,9.075342243933909,0.0,0
288,2021-09-06 00:00:28.800,tag1,3.543911936498927,9.084421248372427,0.0,0
289,2021-09-06 00:00:28.900,tag1,3.457626486299096,9.083087702543137,0.0,0
290,2021-09-06 00:00:29.000,tag1,3.6155219727084686,8.991196407546752,0.0,0
291,2021-09-06 00:00:29.100,tag1,3.6136771976354285,9.039207179193994,0.0,0
292,2021-09-06 00:00:29.200,tag1,3.5536165273571663,9.119950509896741,0.0,0
293,2021-09-06 00:00:29.300,tag1,3.573912563924792,9.050460093428729,0.0,0
294,2021-09-06 00:00:29.400,tag1,3.56803187834785,9.069359584559571,0.0,0
295,2021-09-06 00:00:29.500,tag1,3.6048255292443163,8.996424215784666,0.0,0
296,2021-09-06 00:00:29.600,tag1,3.494261447965582,9.030228866308004,0.0,0
297,2021-09-06 00:00:29.700,tag1,3.61926693102917,9.040180527754604,0.0,0
298,2021-09-06 00:00:29.800,tag1,3.4463495793390093,9.086879681832203,0.0,0
299,2021-09-06 00:00:29.900,tag1,3.548791549284176,8.972043123728914,0.0,0
300,2021-09-06 00:00:30.000,tag1,3.5046144240463044,9.09554470771839,0.0,0
301,2021-09-06 00:00:30.100,tag1,3.562650587279018,9.104928957204692,0.0,0
302,2021-09-06 00:00:30.200,tag1,3.5308777097770383,9.082281252472427,0.0,0
303,2021-09-06 00:00:30.300,tag1,3.557929006052141,9.047694187316669,0.0,0
304,2021-09-06 00:00:30.400,tag1,3.6203012829560413,9.117511118329286,0.0,0
305,2021-09-06 00:00:30.500,tag1,3.594241106092606,9.079698488187201,0.0,0
306,2021-09-06 00:00:30.600,tag1,3.576286812672836,9.04109337046733,0.0,0
307,2021-09-06 00:00:30.700,tag1,3.6250143828571417,8.97828429156541,0.0,0
308,2021-09-06 00:00:30.800,tag1,3.656193517208296,9.088933469309165,0.0,0
309,2021-09-06 00:00:30.900,tag1,3.555873787683839,9.040778908561432,0.0,0
310,2021-09-06 00:00:31.000,tag1,3.5505383787547595,9.060547527678157,0.0,0
311,2021-09-06 00:00:31.100,tag1,3.449334934031678,9.065535102384436,0.0,0
312,2021-09-06 00:00:31.200,tag1,3.421897707087365,9.044474287809013,0.0,0
313,2021-09-06 00:00:31.300,tag1,3.3932453717081783,9.113099115011867,0.0,0
314,2021-09-06 00:00:31.400,tag1,3.5048456725358204,9.105402225994215,0.0,0
315,2021-09-06 00:00:31.500,tag1,3.307773983772498,9.009850508194956,0.0,0
316,2021-09-06 00:00:31.600,tag1,3.3924174785395502,9.063445152422771,0.0,0
317,2021-09-06 00:00:31.700,tag1,3.2150470550534234,9.113985319448814,0.0,0
318,2021-09-06 00:00:31.800,tag1,3.1044082742744816,8.930699592944443,0.0,0
319,2021-09-06 00:00:31.900,tag1,3.0791319442268232,9.118698228935015,0.0,0
320,2021-09-06 00:00:32.000,tag1,2.997993243083006,9.108657707207469,0.0,0
321,2021-09-06 00:00:32.100,tag1,3.038832712384759,9.05629245446633,0.0,0
322,2021-09-06 00:00:32.200,tag1,2.8942341814453685,9.098148477639493,0.0,0
323,2021-09-06 00:00:32.300,tag1,2.9996617550167395,9.112463173456955,0.0,0
324,2021-09-06 00:00:32.400,tag1,2.8471481149694022,9.124061240202376,0.0,0
325,2021-09-06 00:00:32.500,tag1,2.812260020986045,9.093396002229246,0.0,0
326,2021-09-06 00:00:32.600,tag1,2.7900210644868593,9.04175754765306,0.0,0
327,2021-09-06 00:00:32.700,tag1,2.733809489566945,9.101505377815158,0.0,0
328,2021-09-06 00:00:32.800,tag1,2.6642186237751164,9.072867796908767,0.0,0
329,2021-09-06 00:00:32.900,tag1,2.674597358254617,9.036418240491152,0.0,0
330,2021-09-06 00:00:33.000,tag1,2.671484252181667,9.125707580140924,0.0,0
331,2021-09-06 00:00:33.100,tag1,2.4518446450082765,9.079814086388847,0.0,0
332,2021-09-06 00:00:33.200,tag1,2.5173139780896028,9.078015012093127,0.0,0
333,2021-09-06 00:00:33.300,tag1,2.4505227892222567,9.039139371196212,0.0,0
334,2021-09-06 00:00:33.400,tag1,2.463531687902405,9.1181911728349,0.0,0
335,2021-09-06 00:00:33.500,tag1,2.377795171357281,9.010597156665291,0.0,0
336,2021-09-06 00:00:33.600,tag1,2.2166422617968173,9.145364965539395,0.0,0
337,2021-09-06 00:00:33.700,tag1,2.258957115882161,9.0722332205992,0.0,0
338,2021-09-06 00:00:33.800,tag1,2.137429259521788,9.061377465167341,0.0,0
339,2021-09-06 00:00:33.900,tag1,2.074721275347257,9.05169113574008,0.0,0
340,2021-09-06 00:00:34.000,tag1,2.0815461653879113,9.040732885145816,0.0,0
341,2021-09-06 00:00:34.100,tag1,2.1428189361343595,9.184696938882848,0.0,0
342,2021-09-06 00:00:34.200,tag1,2.111411491992264,9.138816352797758,0.0,0
343,2021-09-06 00:00:34.300,tag1,1.9950557075249349,9.197451320997203,0.0,0
344,2021-09-06 00:00:34.400,tag1,2.065944641774067,9.264519281684628,0.0,0
345,2021-09-06 00:00:34.500,tag1,2.1829453165741977,9.266224498976731,0.0,0
346,2021-09-06 00:00:34.600,tag1,2.0489076849321215,9.325317611260969,0.0,0
347,2021-09-06 00:00:34.700,tag1,2.0943508195976204,9.298039556737784,0.0,0
348,2021-09-06 00:00:34.800,tag1,2.043414724004526,9.311468959058272,0.0,0
349,2021-09-06 00:00:34.900,tag1,2.044003703163453,9.387275528883144,0.0,0
350,2021-09-06 00:00:35.000,tag1,2.1894900454951336,9.435928960122139,0.0,0
351,2021-09-06 00:00:35.100,tag1,2.1086153437883515,9.533635401535824,0.0,0
352,2021-09-06 00:00:35.200,tag1,2.08331059236754,9.502183797027104,0.0,0
353,2021-09-06 00:00:35.300,tag1,2.130027170631978,9.598041002201041,0.0,0
354,2021-09-06 00:00:35.400,tag1,2.1428144078056355,9.60632934138723,0.0,0
355,2021-09-06 00:00:35.500,tag1,2.125246133561425,9.601966345848972,0.0,0
356,2021-09-06 00:00:35.600,tag1,2.1039873396008235,9.571159278926803,0.0,0
357,2021-09-06 00:00:35.700,tag1,2.1309720379116017,9.668086460685563,0.0,0
358,2021-09-06 00:00:35.800,tag1,2.0869259167014174,9.653280282553505,0.0,0
359,2021-09-06 00:00:35.900,tag1,2.156012813710375,9.686807168265718,0.0,0
360,2021-09-06 00:00:36.000,tag1,2.120658247209019,9.707223130377034,0.0,0
361,2021-09-06 00:00:36.100,tag1,2.1171712270071064,9.784231468742545,0.0,0
362,2021-09-06 00:00:36.200,tag1,2.1642887560249613,9.818702537990047,0.0,0
363,2021-09-06 00:00:36.300,tag1,2.1818733763966276,9.790795443594638,0.0,0
364,2021-09-06 00:00:36.400,tag1,2.0287580688700726,9.908697558689212,0.0,0
365,2021-09-06 00:00:36.500,tag1,2.0198343660956266,9.864954399618076,0.0,0
366,2021-09-06 00:00:36.600,tag1,1.950449200055787,9.960198092322821,0.0,0
367,2021-09-06 00:00:36.700,tag1,2.124819373981157,10.013464359431483,0.0,0
368,2021-09-06 00:00:36.800,tag1,2.1584070521194363,10.011963822079764,0.0,0
369,2021-09-06 00:00:36.900,tag1,2.177062587657359,10.125183618429768,0.0,0
370,2021-09-06 00:00:37.000,tag1,2.1516720669463285,10.047635157358158,0.0,0
371,2021-09-06 00:00:37.100,tag1,2.091805036700465,10.171580569601876,0.0,0
372,2021-09-06 00:00:37.200,tag1,2.086971320513241,10.111772167301684,0.0,0
373,2021-09-06 00:00:37.300,tag1,2.211770840502652,10.111530535509452,0.0,0
374,2021-09-06 00:00:37.400,tag1,2.082100562564729,10.277523274060218,0.0,0
375,2021-09-06 00:00:37.500,tag1,1.9196740655574729,10.254497416699776,0.0,0
376,2021-09-06 00:00:37.600,tag1,2.0652761123059284,10.286881815921939,0.0,0
377,2021-09-06 00:00:37.700,tag1,2.025209967852182,10.37917710422878,0.0,0
378,2021-09-06 00:00:37.800,tag1,2.027713914763887,10.321651133069757,0.0,0
379,2021-09-06 00:00:37.900,tag1,2.00091503070599,10.34471775898936,0.0,0
380,2021-09-06 00:00:38.000,tag1,2.1917307992055823,10.43973600716596,0.0,0
381,2021-09-06 00:00:38.100,tag1,2.288984711306157,10.395691053322997,0.0,0
382,2021-09-06 00:00:38.200,tag1,2.00926354275274,10.52433107292343,0.0,0
383,2021-09-06 00:00:38.300,tag1,2.1176546905097506,10.517650893007763,0.0,0
384,2021-09-06 00:00:38.400,tag1,2.135037373342827,10.510176668395822,0.0,0
385,2021-09-06 00:00:38.500,tag1,2.1447059233828054,10.606557308885366,0.0,0
386,2021-09-06 00:00:38.600,tag1,2.1678934119965265,10.640203014709293,0.0,0
387,2021-09-06 00:00:38.700,tag1,2.0154507529402585,10.639424562454428,0.0,0
388,2021-09-06 00:00:38.800,tag1,2.0876892604542676,10.670521274488959,0.0,0
389,2021-09-06 00:00:38.900,tag1,2.20801970619611,10.736112887104696,0.0,0
390,2021-09-06 00:00:39.000,tag1,2.0467798018588392,10.793590763415944,0.0,0
391,2021-09-06 00:00:39.100,tag1,2.156236554228367,10.725506333494517,0.0,0
392,2021-09-06 00:00:39.200,tag1,2.100876873903698,10.764120754604027,0.0,0
393,2021-09-06 00:00:39.300,tag1,2.1057394252793484,10.78901477166727,0.0,0
394,2021-09-06 00:00:39.400,tag1,2.0466514192832603,10.875663052355785,0.0,0
395,2021-09-06 00:00:39.500,tag1,2.0977989925150453,10.92958246006126,0.0,0
396,2021-09-06 00:00:39.600,tag1,2.1004192695210184,11.010237240724772,0.0,0
397,2021-09-06 00:00:39.700,tag1,2.129636238114824,11.0071161862092,0.0,0
398,2021-09-06 00:00:39.800,tag1,1.964925194302158,11.006580455910438,0.0,0
399,2021-09-06 00:00:39.900,tag1,2.044463902841629,11.03852977971221,0.0,0
400,2021-09-06 00:00:40.000,tag1,2.07015356085947,11.073713660724252,0.0,0
401,2021-09-06 00:00:40.100,tag1,2.090624363808695,10.931724649346792,0.0,0
402,2021-09-06 00:00:40.200,tag1,1.969051339098821,11.117833686078132,0.0,0
403,2021-09-06 00:00:40.300,tag1,2.043905657098614,11.177848389253198,0.0,0
404,2021-09-06 00:00:40.400,tag1,1.7016742127514108,11.277532083486738,0.0,0
405,2021-09-06 00:00:40.500,tag1,2.0146386509131164,11.269006572938245,0.0,0
406,2021-09-06 00:00:40.600,tag1,1.6162451020502768,11.287448107836752,0.0,0
407,2021-09-06 00:00:40.700,tag1,1.8342095957702256,11.258296041190565,0.0,0
408,2021-09-06 00:00:40.800,tag1,1.7425518287690798,11.215097166802739,0.0,0
409,2021-09-06 00:00:40.900,tag1,1.7099992004712092,11.345184976618565,0.0,0
410,2021-09-06 00:00:41.000,tag1,2.1414619636874814,11.363530528023935,0.0,0
411,2021-09-06 00:00:41.100,tag1,1.9237976169975939,11.589411657940731,0.0,0
412,2021-09-06 00:00:41.200,tag1,2.0686280225259277,11.420958895869932,0.0,0
413,2021-09-06 00:00:41.300,tag1,1.6349664272877407,11.499521299196521,0.0,0
414,2021-09-06 00:00:41.400,tag1,1.8602769154398313,11.53032753030972,0.0,0
415,2021-09-06 00:00:41.500,tag1,1.8622158914064153,11.59722188250443,0.0,0
416,2021-09-06 00:00:41.600,tag1,2.158835788515938,11.738125554052994,0.0,0
417,2021-09-06 00:00:41.700,tag1,1.7104204403816166,11.680540239546167,0.0,0
418,2021-09-06 00:00:41.800,tag1,1.7766249248445694,11.55145872602269,0.0,0
419,2021-09-06 00:00:41.900,tag1,1.6697448993816617,11.539023257506422,0.0,0
420,2021-09-06 00:00:42.000,tag1,2.0901307172692007,11.643690769269082,0.0,0
421,2021-09-06 00:00:42.100,tag1,1.7192678242437394,11.825891684113195,0.0,0
422,2021-09-06 00:00:42.200,tag1,1.71205250603081,11.57931224941023,0.0,0
423,2021-09-06 00:00:42.300,tag1,1.9200341461280392,11.849330447894959,0.0,0
424,2021-09-06 00:00:42.400,tag1,1.960913938723034,11.970278617690706,0.0,0
425,2021-09-06 00:00:42.500,tag1,1.871708758130699,11.970774292821691,0.0,0
426,2021-09-06 00:00:42.600,tag1,2.0833038357585134,11.738141932689233,0.0,0
427,2021-09-06 00:00:42.700,tag1,1.8491752850947951,11.891147273404135,0.0,0
428,2021-09-06 00:00:42.800,tag1,1.828914493652336,12.137885005210924,0.0,0
429,2021-09-06 00:00:42.900,tag1,2.0387020982040656,12.065158726899922,0.0,0
430,2021-09-06 00:00:43.000,tag1,1.7679878340754067,12.240032660236308,0.0,0
431,2021-09-06 00:00:43.100,tag1,2.0013129366747227,11.968320405238625,0.0,0
432,2021-09-06 00:00:43.200,tag1,1.7930473464674392,12.178195725773195,0.0,0
433,2021-09-06 00:00:43.300,tag1,1.9083212340109164,12.183579985544323,0.0,0
434,2021-09-06 00:00:43.400,tag1,1.8794686411006252,12.0622369064157,0.0,0
435,2021-09-06 00:00:43.500,tag1,1.6154360173135807,12.305516078833683,0.0,0
436,2021-09-06 00:00:43.600,tag1,1.6545911882177284,12.291823918429325,0.0,0
437,2021-09-06 00:00:43.700,tag1,1.9626229313794399,12.218560060866725,0.0,0
438,2021-09-06 00:00:43.800,tag1,1.8514703058822555,12.389557259846285,0.0,0
439,2021-09-06 00:00:43.900,tag1,2.098053588396729,12.51258861571772,0.0,0
440,2021-09-06 00:00:44.000,tag1,1.8500615727232614,12.39107580637241,0.0,0
441,2021-09-06 00:00:44.100,tag1,1.5228911936114793,12.395901615842854,0.0,0
442,2021-09-06 00:00:44.200,tag1,2.1536879124079005,12.413831870962772,0.0,0
443,2021-09-06 00:00:44.300,tag1,1.9426573700167746,12.512459574581927,0.0,0
444,2021-09-06 00:00:44.400,tag1,1.9302084068329597,12.528889840539952,0.0,0
445,2021-09-06 00:00:44.500,tag1,1.8152405358488344,12.595334017118251,0.0,0
446,2021-09-06 00:00:44.600,tag1,2.0889743516550663,12.570596693315993,0.0,0
447,2021-09-06 00:00:44.700,tag1,1.9030613497678033,12.475801011073198,0.0,0
448,2021-09-06 00:00:44.800,tag1,1.9451171286671283,12.79666935222143,0.0,0
449,2021-09-06 00:00:44.900,tag1,1.5568860968471414,12.890051210252366,0.0,0
450,2021-09-06 00:00:45.000,tag1,1.4453445152812057,12.734903026581563,0.0,0
451,2021-09-06 00:00:45.100,tag1,2.056903755176183,12.917052026756327,0.0,0
452,2021-09-06 00:00:45.200,tag1,2.123734545541149,12.790571448061153,0.0,0
453,2021-09-06 00:00:45.300,tag1,1.9623888700854906,12.788315323176738,0.0,0
454,2021-09-06 00:00:45.400,tag1,1.9177149312524264,13.095007239248668,0.0,0
455,2021-09-06 00:00:45.500,tag1,1.82730448701425,12.80221578801114,0.0,0
456,2021-09-06 00:00:45.600,tag1,1.7198201460927232,12.934853268964773,0.0,0
457,2021-09-06 00:00:45.700,tag1,1.964959926467741,12.982751811491669,0.0,0
458,2021-09-06 00:00:45.800,tag1,2.058682351162582,13.045196464097272,0.0,0
459,2021-09-06 00:00:45.900,tag1,1.716983963477353,12.98372667816077,0.0,0
460,2021-09-06 00:00:46.000,tag1,1.6689379521751473,13.17825733842515,0.0,0
461,2021-09-06 00:00:46.100,tag1,1.9337270586897768,13.066843914577255,0.0,0
462,2021-09-06 00:00:46.200,tag1,2.0086198161838835,12.991753962359097,0.0,0
463,2021-09-06 00:00:46.300,tag1,1.990711150710328,12.999173517419646,0.0,0
464,2021-09-06 00:00:46.400,tag1,2.0128567832084503,13.02346325015557,0.0,0
465,2021-09-06 00:00:46.500,tag1,1.374699467503917,13.025902116463424,0.0,0
466,2021-09-06 00:00:46.600,tag1,1.8881840326725392,12.874112441546039,0.0,0
467,2021-09-06 00:00:46.700,tag1,1.793961575622232,12.888227605683834,0.0,0
468,2021-09-06 00:00:46.800,tag1,2.1784672530323745,12.90788855555299,0.0,0
469,2021-09-06 00:00:46.900,tag1,2.3104359144427304,13.123507760234586,0.0,0
470,2021-09-06 00:00:47.000,tag1,1.6173057252600564,12.87023048487417,0.0,0
471,2021-09-06 00:00:47.100,tag1,1.5040627776737554,12.757082561574355,0.0,0
472,2021-09-06 00:00:47.200,tag1,1.8843079451167482,12.983414612412568,0.0,0
473,2021-09-06 00:00:47.300,tag1,1.9717216290188437,12.949399867152424,0.0,0
474,2021-09-06 00:00:47.400,tag1,1.9366125876393214,12.9171996715668,0.0,0
475,2021-09-06 00:00:47.500,tag1,1.7780964979729683,13.035116989384885,0.0,0
476,2021-09-06 00:00:47.600,tag1,1.7385328878050625,13.034891662752134,0.0,0
477,2021-09-06 00:00:47.700,tag1,2.227573280693927,13.038359547669378,0.0,0
478,2021-09-06 00:00:47.800,tag1,1.9871572578364591,13.045845545650451,0.0,0
479,2021-09-06 00:00:47.900,tag1,1.9556640553044562,12.880674197813523,0.0,0
480,2021-09-06 00:00:48.000,tag1,1.8952483918869159,13.505193099903014,0.0,0
481,2021-09-06 00:00:48.100,tag1,2.0743954946100422,13.686987084572175,0.0,0
482,2021-09-06 00:00:48.200,tag1,1.9452596302325937,13.611399171011547,0.0,0
483,2021-09-06 00:00:48.300,tag1,2.1509119989876977,13.483331150176209,0.0,0
484,2021-09-06 00:00:48.400,tag1,1.845331283790557,13.676596631531115,0.0,0
485,2021-09-06 00:00:48.500,tag1,1.8434861397591482,13.557559905479533,0.0,0
486,2021-09-06 00:00:48.600,tag1,2.032486808314993,13.801521719253113,0.0,0
487,2021-09-06 00:00:48.700,tag1,2.4148994737234553,13.666435250112727,0.0,0
488,2021-09-06 00:00:48.800,tag1,2.477635806290328,13.591289127989457,0.0,0
489,2021-09-06 00:00:48.900,tag1,2.359709710879011,13.770866141414176,0.0,0
490,2021-09-06 00:00:49.000,tag1,2.449147934260931,13.494561546852992,0.0,0
491,2021-09-06 00:00:49.100,tag1,2.50125777250007,13.683311354832286,0.0,0
492,2021-09-06 00:00:49.200,tag1,2.7534350556841467,13.636168388344203,0.0,0
493,2021-09-06 00:00:49.300,tag1,2.612840134708586,13.43725157114658,0.0,0
494,2021-09-06 00:00:49.400,tag1,2.5770474852715815,13.417308346531204,0.0,0
495,2021-09-06 00:00:49.500,tag1,2.5873311392732523,13.507391294060591,0.0,0
496,2021-09-06 00:00:49.600,tag1,2.5545406814046343,13.512045745468642,0.0,0
497,2021-09-06 00:00:49.700,tag1,2.7475023759532133,13.639208907927618,0.0,0
498,2021-09-06 00:00:49.800,tag1,2.856457022552774,13.519281976197387,0.0,0
499,2021-09-06 00:00:49.900,tag1,3.0123079159285746,13.552354670802073,0.0,0
500,2021-09-06 00:00:50.000,tag1,2.77716469842947,13.62487381375062,0.0,0
501,2021-09-06 00:00:50.100,tag1,3.3561756430973277,13.63974480789205,0.0,0
502,2021-09-06 00:00:50.200,tag1,3.0365674499912303,13.437012867150548,0.0,0
503,2021-09-06 00:00:50.300,tag1,2.8904686157106787,13.63620423691258,0.0,0
504,2021-09-06 00:00:50.400,tag1,2.8025531692623593,13.723694482106186,0.0,0
505,2021-09-06 00:00:50.500,tag1,2.838550847183557,13.826779661457426,0.0,0
506,2021-09-06 00:00:50.600,tag1,3.436960832106294,13.545684225365642,0.0,0
507,2021-09-06 00:00:50.700,tag1,3.013536193985025,13.60981775777003,0.0,0
508,2021-09-06 00:00:50.800,tag1,3.1384800744733727,13.69479509854926,0.0,0
509,2021-09-06 00:00:50.900,tag1,3.507009341264232,13.53654534410705,0.0,0
510,2021-09-06 00:00:51.000,tag1,3.3591722204557417,13.726843202715909,0.0,0
511,2021-09-06 00:00:51.100,tag1,3.7101970441586074,13.646292825695319,0.0,0
512,2021-09-06 00:00:51.200,tag1,3.7861999622219518,13.684053990696118,0.0,0
513,2021-09-06 00:00:51.300,tag1,3.544729156976082,13.719226080446015,0.0,0
514,2021-09-06 00:00:51.400,tag1,3.3006828601946183,13.720920128592585,0.0,0
515,2021-09-06 00:00:51.500,tag1,3.4824289257453938,13.647144140614001,0.0,0
516,2021-09-06 00:00:51.600,tag1,3.076218306403807,13.412358338236178,0.0,0
517,2021-09-06 00:00:51.700,tag1,3.395236480607214,13.614619126324204,0.0,0
518,2021-09-06 00:00:51.800,tag1,3.355760953487845,13.583815042998374,0.0,0
519,2021-09-06 00:00:51.900,tag1,3.628004562969962,13.365603237469822,0.0,0
520,2021-09-06 00:00:52.000,tag1,3.174098367959161,13.620645270616656,0.0,0
521,2021-09-06 00:00:52.100,tag1,3.6783656397763327,13.591584022778171,0.0,0
522,2021-09-06 00:00:52.200,tag1,3.7640661864224354,13.584445149280434,0.0,0
523,2021-09-06 00:00:52.300,tag1,3.7186582335080205,13.400459833892286,0.0,0
524,2021-09-06 00:00:52.400,tag1,3.4671471876980258,13.574520273145515,0.0,0
525,2021-09-06 00:00:52.500,tag1,3.470834967039182,13.573097371150258,0.0,0
526,2021-09-06 00:00:52.600,tag1,3.5635862861536687,13.691855639484306,0.0,0
527,2021-09-06 00:00:52.700,tag1,3.297499743646654,13.513804570103785,0.0,0
528,2021-09-06 00:00:52.800,tag1,3.2662848957350596,13.5938399022466,0.0,0
529,2021-09-06 00:00:52.900,tag1,3.512920398390363,13.546105131609105,0.0,0
530,2021-09-06 00:00:53.000,tag1,3.5454466223587304,13.701522984965935,0.0,0
531,2021-09-06 00:00:53.100,tag1,3.3506061984627107,13.601213402837036,0.0,0
532,2021-09-06 00:00:53.200,tag1,3.3930254141989917,13.546920256150573,0.0,0
533,2021-09-06 00:00:53.300,tag1,3.0657970173163647,13.617764318727053,0.0,0
534,2021-09-06 00:00:53.400,tag1,3.029600919720594,13.536264526471333,0.0,0
535,2021-09-06 00:00:53.500,tag1,3.107172855553384,13.580193914465372,0.0,0
536,2021-09-06 00:00:53.600,tag1,3.283153142241453,13.243751858189967,0.0,0
537,2021-09-06 00:00:53.700,tag1,2.6317307203117237,13.508294355348504,0.0,0
538,2021-09-06 00:00:53.800,tag1,2.9276946460703352,13.643109367546499,0.0,0
539,2021-09-06 00:00:53.900,tag1,3.068057674326071,13.548183746556848,0.0,0
540,2021-09-06 00:00:54.000,tag1,2.579579050466622,13.522774077100259,0.0,0
541,2021-09-06 00:00:54.100,tag1,2.8411484463352625,13.497504028222124,0.0,0
542,2021-09-06 00:00:54.200,tag1,2.7975200851035664,13.598099722758036,0.0,0
543,2021-09-06 00:00:54.300,tag1,3.0860937982648817,13.526741362651762,0.0,0
544,2021-09-06 00:00:54.400,tag1,2.4820924958953716,13.695608009895295,0.0,0
545,2021-09-06 00:00:54.500,tag1,2.6819303615096217,13.5367414228501,0.0,0
546,2021-09-06 00:00:54.600,tag1,2.5800869247971643,13.683062616676443,0.0,0
547,2021-09-06 00:00:54.700,tag1,2.678900128288169,13.728117058714458,0.0,0
548,2021-09-06 00:00:54.800,tag1,2.301874490325064,13.614456095466638,0.0,0
549,2021-09-06 00:00:54.900,tag1,2.5096648977101146,13.578434856300166,0.0,0
550,2021-09-06 00:00:55.000,tag1,2.4987195046327613,13.489746768404409,0.0,0
551,2021-09-06 00:00:55.100,tag1,2.6676756785682425,13.46553534967967,0.0,0
552,2021-09-06 00:00:55.200,tag1,2.285895295958837,13.61939465702312,0.0,0
553,2021-09-06 00:00:55.300,tag1,2.0716321038752796,13.702344087391708,0.0,0
554,2021-09-06 00:00:55.400,tag1,2.1189069648931307,13.42298377697882,0.0,0
555,2021-09-06 00:00:55.500,tag1,1.8427545741701579,13.653014239055233,0.0,0
556,2021-09-06 00:00:55.600,tag1,2.1470643325509284,13.569651635021835,0.0,0
557,2021-09-06 00:00:55.700,tag1,2.2038107087579473,13.62035157864105,0.0,0
558,2021-09-06 00:00:55.800,tag1,1.9373067377258808,13.58037729744477,0.0,0
559,2021-09-06 00:00:55.900,tag1,2.226506003997571,13.75282618932211,0.0,0
560,2021-09-06 00:00:56.000,tag1,1.7704906104342646,13.628815956705543,0.0,0
561,2021-09-06 00:00:56.100,tag1,1.980503711856303,13.353213725471148,0.0,0
562,2021-09-06 00:00:56.200,tag1,1.9876008239525853,13.560409991635849,0.0,0
563,2021-09-06 00:00:56.300,tag1,1.6950913086893413,13.481408609081136,0.0,0
564,2021-09-06 00:00:56.400,tag1,2.0987214807596803,13.554841497439577,0.0,0
565,2021-09-06 00:00:56.500,tag1,1.5624947526574688,13.411345065343673,0.0,0
566,2021-09-06 00:00:56.600,tag1,2.0294017494163095,13.54269403298134,0.0,0
567,2021-09-06 00:00:56.700,tag1,1.4981411565669465,13.293531297474964,0.0,0
568,2021-09-06 00:00:56.800,tag1,1.6086721513931543,13.364878185081913,0.0,0
569,2021-09-06 00:00:56.900,tag1,1.8064379358921534,13.38349555108864,0.0,0
570,2021-09-06 00:00:57.000,tag1,1.7176609145920816,13.462580440032072,0.0,0
571,2021-09-06 00:00:57.100,tag1,1.7848702067670343,13.317962370428674,0.0,0
572,2021-09-06 00:00:57.200,tag1,1.900653755643647,13.405146502674256,0.0,0
573,2021-09-06 00:00:57.300,tag1,2.2280375447120626,13.129112751040342,0.0,0
574,2021-09-06 00:00:57.400,tag1,2.128965591227382,13.156022897621119,0.0,0
575,2021-09-06 00:00:57.500,tag1,1.8628896889454785,13.184492085561645,0.0,0
576,2021-09-06 00:00:57.600,tag1,2.149035738451057,12.818404455035154,0.0,0
577,2021-09-06 00:00:57.700,tag1,2.076742339625287,13.02720341095265,0.0,0
578,2021-09-06 00:00:57.800,tag1,1.6696237451276783,12.895491695582948,0.0,0
579,2021-09-06 00:00:57.900,tag1,1.9667302245695706,12.86029102224842,0.0,0
580,2021-09-06 00:00:58.000,tag1,1.9939382564349062,12.751258999237875,0.0,0
581,2021-09-06 00:00:58.100,tag1,2.178249338569682,12.977058180095561,0.0,0
582,2021-09-06 00:00:58.200,tag1,1.9271810330475247,12.804627519503999,0.0,0
583,2021-09-06 00:00:58.300,tag1,1.7858715367352138,13.017781789549455,0.0,0
584,2021-09-06 00:00:58.400,tag1,2.184507229083125,12.771193663051728,0.0,0
585,2021-09-06 00:00:58.500,tag1,2.1179834431302424,12.859119306637577,0.0,0
586,2021-09-06 00:00:58.600,tag1,2.1206712151345766,12.680050585898089,0.0,0
587,2021-09-06 00:00:58.700,tag1,1.7098266699859535,12.792712728842217,0.0,0
588,2021-09-06 00:00:58.800,tag1,1.87191427996592,12.52569000934194,0.0,0
589,2021-09-06 00:00:58.900,tag1,1.5645376124980297,12.405417834926343,0.0,0
590,2021-09-06 00:00:59.000,tag1,2.1875572149723723,12.738968623459282,0.0,0
591,2021-09-06 00:00:59.100,tag1,1.9940943415557033,12.640612729996407,0.0,0
592,2021-09-06 00:00:59.200,tag1,2.1097614755662244,12.584752138135407,0.0,0
593,2021-09-06 00:00:59.300,tag1,2.1377569917808783,12.697800340981653,0.0,0
594,2021-09-06 00:00:59.400,tag1,1.9498261741850604,12.459555027758347,0.0,0
595,2021-09-06 00:00:59.500,tag1,1.7137629081818302,12.441991483821155,0.0,0
596,2021-09-06 00:00:59.600,tag1,1.8323522450239036,12.382284935521275,0.0,0
597,2021-09-06 00:00:59.700,tag1,1.6534846051729284,12.196760368549182,0.0,0
598,2021-09-06 00:00:59.800,tag1,1.7111360879697766,12.234252296890796,0.0,0
599,2021-09-06 00:00:59.900,tag1,1.6666873762973706,12.258206956130534,0.0,0
600,2021-09-06 00:01:00.000,tag1,1.6822827026330045,12.174146497688886,0.0,0
601,2021-09-06 00:01:00.100,tag1,2.1605472410155286,12.10027993898742,0.0,0
602,2021-09-06 00:01:00.200,tag1,1.9114678535719225,12.152545985549612,0.0,0
603,2021-09-06 00:01:00.300,tag1,2.01177939853994,12.252412911717169,0.0,0
604,2021-09-06 00:01:00.400,tag1,2.4344247180113463,12.339941885463332,0.0,0
605,2021-09-06 00:01:00.500,tag1,1.9713738616845653,12.014317866922921,0.0,0
606,2021-09-06 00:01:00.600,tag1,2.1135658399631225,11.871925810092613,0.0,0
607,2021-09-06 00:01:00.700,tag1,1.834121755436819,11.82174276242122,0.0,0
608,2021-09-06 00:01:00.800,tag1,1.95728341680294,11.984990484721678,0.0,0
609,2021-09-06 00:01:00.900,tag1,2.413879227357469,11.804568940308455,0.0,0
610,2021-09-06 00:01:01.000,tag1,2.1283682219280364,11.883626205802287,0.0,0
611,2021-09-06 00:01:01.100,tag1,1.8704318382865344,11.920485883566053,0.0,0
612,2021-09-06 00:01:01.200,tag1,1.848223977165012,11.969370640028604,0.0,0
613,2021-09-06 00:01:01.300,tag1,1.597935004970152,11.756444064306287,0.0,0
614,2021-09-06 00:01:01.400,tag1,1.5453750015207746,11.760104965967097,0.0,0
615,2021-09-06 00:01:01.500,tag1,1.9179104976116585,11.805573925387083,0.0,0
616,2021-09-06 00:01:01.600,tag1,1.9608694457661326,11.785787431681033,0.0,0
617,2021-09-06 00:01:01.700,tag1,2.2353194430626306,11.667099649445586,0.0,0
618,2021-09-06 00:01:01.800,tag1,2.074634667387797,11.73463185391062,0.0,0
619,2021-09-06 00:01:01.900,tag1,1.6677734844298464,11.59677507720915,0.0,0
620,2021-09-06 00:01:02.000,tag1,2.157607701989924,11.435996099491906,0.0,0
621,2021-09-06 00:01:02.100,tag1,2.2046678772921284,11.284640771161007,0.0,0
622,2021-09-06 00:01:02.200,tag1,2.1085776267311154,11.267110869761316,0.0,0
623,2021-09-06 00:01:02.300,tag1,2.0058800520537345,11.361904652742533,0.0,0
624,2021-09-06 00:01:02.400,tag1,2.1843075077224134,11.288581279382361,0.0,0
625,2021-09-06 00:01:02.500,tag1,2.046312079759208,11.243768289847829,0.0,0
626,2021-09-06 00:01:02.600,tag1,2.0332239355380133,11.184317923682041,0.0,0
627,2021-09-06 00:01:02.700,tag1,2.1499008037274083,11.166159201460022,0.0,0
628,2021-09-06 00:01:02.800,tag1,2.092823931154791,11.180305112786627,0.0,0
629,2021-09-06 00:01:02.900,tag1,2.1725057144886595,11.15207317993917,0.0,0
630,2021-09-06 00:01:03.000,tag1,2.048753545482069,11.008231021849513,0.0,0
631,2021-09-06 00:01:03.100,tag1,2.1782992822557725,11.022130739866453,0.0,0
632,2021-09-06 00:01:03.200,tag1,2.0726605225320016,10.96389509468887,0.0,0
633,2021-09-06 00:01:03.300,tag1,2.155564961483119,10.953579559571807,0.0,0
634,2021-09-06 00:01:03.400,tag1,2.028685364860701,10.946824253461372,0.0,0
635,2021-09-06 00:01:03.500,tag1,2.1612202118057704,10.882580764655614,0.0,0
636,2021-09-06 00:01:03.600,tag1,2.0652845622882774,10.791594283262084,0.0,0
637,2021-09-06 00:01:03.700,tag1,2.1260877207790925,10.818838052303395,0.0,0
638,2021-09-06 00:01:03.800,tag1,2.172751632196918,10.759630545323231,0.0,0
639,2021-09-06 00:01:03.900,tag1,2.039152986530017,10.80515504187908,0.0,0
640,2021-09-06 00:01:04.000,tag1,2.134139486796411,10.688343750595822,0.0,0
641,2021-09-06 00:01:04.100,tag1,2.2683810314235267,10.668636755791901,0.0,0
642,2021-09-06 00:01:04.200,tag1,2.1681132581544014,10.652230207266161,0.0,0
643,2021-09-06 00:01:04.300,tag1,2.067046143695345,10.635806659825688,0.0,0
644,2021-09-06 00:01:04.400,tag1,2.1316127090300787,10.714514028471418,0.0,0
645,2021-09-06 00:01:04.500,tag1,2.0951433505508943,10.468007157897222,0.0,0
646,2021-09-06 00:01:04.600,tag1,2.0786631137979024,10.515297293290171,0.0,0
647,2021-09-06 00:01:04.700,tag1,2.020408093981542,10.428387149750831,0.0,0
648,2021-09-06 00:01:04.800,tag1,2.1091779709201317,10.418677512413808,0.0,0
649,2021-09-06 00:01:04.900,tag1,2.0987230750609798,10.47225083113631,0.0,0
650,2021-09-06 00:01:05.000,tag1,2.073218728990992,10.375660745900289,0.0,0
651,2021-09-06 00:01:05.100,tag1,2.1878697220558445,10.340862677611735,0.0,0
652,2021-09-06 00:01:05.200,tag1,2.075234472332054,10.293228496338479,0.0,0
653,2021-09-06 00:01:05.300,tag1,2.1216617666444595,10.31903307564158,0.0,0
654,2021-09-06 00:01:05.400,tag1,2.171166268869359,10.342432566444984,0.0,0
655,2021-09-06 00:01:05.500,tag1,2.0215571523114533,10.197600417845516,0.0,0
656,2021-09-06 00:01:05.600,tag1,2.137903366283159,10.212342197917552,0.0,0
657,2021-09-06 00:01:05.700,tag1,2.013094940079937,10.258940219659507,0.0,0
658,2021-09-06 00:01:05.800,tag1,2.05172627441157,10.1865346998621,0.0,0
659,2021-09-06 00:01:05.900,tag1,2.1353217666989215,10.07396642977675,0.0,0
660,2021-09-06 00:01:06.000,tag1,2.183766569325332,10.087647657011734,0.0,0
661,2021-09-06 00:01:06.100,tag1,2.0409304663989722,10.07167954311442,0.0,0
662,2021-09-06 00:01:06.200,tag1,2.168157601020708,10.134478470705586,0.0,0
663,2021-09-06 00:01:06.300,tag1,2.083538038091926,9.998137622209072,0.0,0
664,2021-09-06 00:01:06.400,tag1,1.9907893433796193,9.971148025310033,0.0,0
665,2021-09-06 00:01:06.500,tag1,2.095384393999751,9.953756227846922,0.0,0
666,2021-09-06 00:01:06.600,tag1,2.0636115935947106,9.907006961292096,0.0,0
667,2021-09-06 00:01:06.700,tag1,2.18624943370367,9.837013083569202,0.0,0
668,2021-09-06 00:01:06.800,tag1,1.993936637706058,9.847245312546214,0.0,0
669,2021-09-06 00:01:06.900,tag1,2.1606249796555277,9.817131217010644,0.0,0
670,2021-09-06 00:01:07.000,tag1,2.128016324903554,9.841254309751521,0.0,0
671,2021-09-06 00:01:07.100,tag1,2.1010181773998906,9.734284072823876,0.0,0
672,2021-09-06 00:01:07.200,tag1,2.1220369987783276,9.690710030311074,0.0,0
673,2021-09-06 00:01:07.300,tag1,2.186690252312583,9.625129404140656,0.0,0
674,2021-09-06 00:01:07.400,tag1,2.121174516832933,9.691902132299292,0.0,0
675,2021-09-06 00:01:07.500,tag1,2.001009102953559,9.641604908425366,0.0,0
676,2021-09-06 00:01:07.600,tag1,2.001257404066643,9.607239664851386,0.0,0
677,2021-09-06 00:01:07.700,tag1,2.16556254095738,9.455811864233377,0.0,0
678,2021-09-06 00:01:07.800,tag1,2.11083395296989,9.544161984353392,0.0,0
679,2021-09-06 00:01:07.900,tag1,2.1007886684371906,9.448585073065919,0.0,0
680,2021-09-06 00:01:08.000,tag1,2.074012694554164,9.016859186088126,0.0,0
681,2021-09-06 00:01:08.100,tag1,2.0362435942287846,8.835567682044182,0.0,0
682,2021-09-06 00:01:08.200,tag1,2.020124151206576,8.895078964614473,0.0,0
683,2021-09-06 00:01:08.300,tag1,2.1306360262077493,8.860028129825434,0.0,0
684,2021-09-06 00:01:08.400,tag1,2.0547783547651046,8.894532181601061,0.0,0
685,2021-09-06 00:01:08.500,tag1,2.201197117471194,8.888412081196153,0.0,0
686,2021-09-06 00:01:08.600,tag1,2.050047563077161,8.79469701063393,0.0,0
687,2021-09-06 00:01:08.700,tag1,2.0738222358283527,8.842318345030995,0.0,0
688,2021-09-06 00:01:08.800,tag1,2.1777202310674593,8.724090318709504,0.0,0
689,2021-09-06 00:01:08.900,tag1,2.1468707879618423,8.701678094372658,0.0,0
690,2021-09-06 00:01:09.000,tag1,2.020445599448108,8.60880916277225,0.0,0
691,2021-09-06 00:01:09.100,tag1,2.07609232500492,8.54611597773186,0.0,0
692,2021-09-06 00:01:09.200,tag1,2.022245132477487,8.622079202054444,0.0,0
693,2021-09-06 00:01:09.300,tag1,2.1308489898782343,8.56988766296789,0.0,0
694,2021-09-06 00:01:09.400,tag1,2.1031904555589205,8.436320241405408,0.0,0
695,2021-09-06 00:01:09.500,tag1,2.1491507667976313,8.477052679741572,0.0,0
696,2021-09-06 00:01:09.600,tag1,2.126564711840234,8.428822290980234,0.0,0
697,2021-09-06 00:01:09.700,tag1,2.0136087500232005,8.375834680277105,0.0,0
698,2021-09-06 00:01:09.800,tag1,2.1216869071043307,8.379101088037908,0.0,0
699,2021-09-06 00:01:09.900,tag1,2.109842445286277,8.199068979313891,0.0,0
700,2021-09-06 00:01:10.000,tag1,2.1542120734954673,8.239783342136352,0.0,0
701,2021-09-06 00:01:10.100,tag1,2.022275075347529,8.212117013169028,0.0,0
702,2021-09-06 00:01:10.200,tag1,2.181116007000172,8.047391307181329,0.0,0
703,2021-09-06 00:01:10.300,tag1,2.0251067266101592,8.096686973608353,0.0,0
704,2021-09-06 00:01:10.400,tag1,2.138644679602278,8.067636365245505,0.0,0
705,2021-09-06 00:01:10.500,tag1,2.141875325759497,7.946652915311272,0.0,0
706,2021-09-06 00:01:10.600,tag1,2.150981588206352,8.059849281130361,0.0,0
707,2021-09-06 00:01:10.700,tag1,2.147925059727184,7.944007148941979,0.0,0
708,2021-09-06 00:01:10.800,tag1,2.1092469173241746,7.874917147286066,0.0,0
709,2021-09-06 00:01:10.900,tag1,2.039228405568166,7.937453181573038,0.0,0
710,2021-09-06 00:01:11.000,tag1,2.3833197659948477,7.8411342199001,0.0,0
711,2021-09-06 00:01:11.100,tag1,2.4084158849164807,7.785070714198646,0.0,0
712,2021-09-06 00:01:11.200,tag1,2.422603366151521,7.745324512928819,0.0,0
713,2021-09-06 00:01:11.300,tag1,2.4243848705474007,7.70929161776896,0.0,0
714,2021-09-06 00:01:11.400,tag1,2.382681794100183,7.654242387085006,0.0,0
715,2021-09-06 00:01:11.500,tag1,2.3906745254420305,7.640533462518189,0.0,0
716,2021-09-06 00:01:11.600,tag1,2.415573735157782,7.617936166170421,0.0,0
717,2021-09-06 00:01:11.700,tag1,2.3974869130736263,7.590409842051865,0.0,0
718,2021-09-06 00:01:11.800,tag1,2.4045395869693,7.53015489599862,0.0,0
719,2021-09-06 00:01:11.900,tag1,2.370726617402913,7.443710990574635,0.0,0
720,2021-09-06 00:01:12.000,tag1,2.393790025726845,7.435537116250653,0.0,0
721,2021-09-06 00:01:12.100,tag1,2.410197933164673,7.404402581083975,0.0,0
722,2021-09-06 00:01:12.200,tag1,2.3802418285601687,7.313972279212588,0.0,0
723,2021-09-06 00:01:12.300,tag1,2.4022330477649128,7.319396982698982,0.0,0
724,2021-09-06 00:01:12.400,tag1,2.3957622473979128,7.260884691201723,0.0,0
725,2021-09-06 00:01:12.500,tag1,2.4020558826216893,7.205562436407934,0.0,0
726,2021-09-06 00:01:12.600,tag1,2.4081511577300305,7.177535729825508,0.0,0
727,2021-09-06 00:01:12.700,tag1,2.3555816103700407,7.167156412219941,0.0,0
728,2021-09-06 00:01:12.800,tag1,2.4173152526510764,7.0920301304540665,0.0,0
729,2021-09-06 00:01:12.900,tag1,2.385217821666731,7.047929442562523,0.0,0
730,2021-09-06 00:01:13.000,tag1,2.365468150449685,7.044660452115133,0.0,0
731,2021-09-06 00:01:13.100,tag1,2.4286506001307897,6.986630289656811,0.0,0
732,2021-09-06 00:01:13.200,tag1,2.4147489685177668,6.934025323030278,0.0,0
733,2021-09-06 00:01:13.300,tag1,2.3871171897316836,6.924663796044103,0.0,0
734,2021-09-06 00:01:13.400,tag1,2.4091003889029685,6.878667088229261,0.0,0
735,2021-09-06 00:01:13.500,tag1,2.4102082844123873,6.852886103265229,0.0,0
736,2021-09-06 00:01:13.600,tag1,2.379845821798589,6.783958514174765,0.0,0
737,2021-09-06 00:01:13.700,tag1,2.4019836492897646,6.758590578865495,0.0,0
738,2021-09-06 00:01:13.800,tag1,2.396194268887339,6.734698037723821,0.0,0
739,2021-09-06 00:01:13.900,tag1,2.3988749825096245,6.679591466876901,0.0,0
740,2021-09-06 00:01:14.000,tag1,2.6250664888910786,6.665159782808161,0.0,0
741,2021-09-06 00:01:14.100,tag1,2.5622327495154673,6.618535445975966,0.0,0
742,2021-09-06 00:01:14.200,tag1,2.610007678116233,6.513842015448721,0.0,0
743,2021-09-06 00:01:14.300,tag1,2.6413094411787585,6.51759200527584,0.0,0
744,2021-09-06 00:01:14.400,tag1,2.603508122367062,6.477720679193819,0.0,0
745,2021-09-06 00:01:14.500,tag1,2.5836700884486588,6.413900157663551,0.0,0
746,2021-09-06 00:01:14.600,tag1,2.609163494422312,6.366372506891205,0.0,0
747,2021-09-06 00:01:14.700,tag1,2.600598348234523,6.3465861105519314,0.0,0
748,2021-09-06 00:01:14.800,tag1,2.6030075780204744,6.272867060528203,0.0,0
749,2021-09-06 00:01:14.900,tag1,2.5886925211286766,6.280920688260081,0.0,0
750,2021-09-06 00:01:15.000,tag1,2.5820807247729185,6.21001107835185,0.0,0
751,2021-09-06 00:01:15.100,tag1,2.580525861409701,6.176124671918021,0.0,0
752,2021-09-06 00:01:15.200,tag1,2.6192995946528055,6.147581939933718,0.0,0
753,2021-09-06 00:01:15.300,tag1,2.618884141894221,6.143217344126786,0.0,0
754,2021-09-06 00:01:15.400,tag1,2.5902007321418927,6.058248409808145,0.0,0
755,2021-09-06 00:01:15.500,tag1,2.5834828750516032,6.023358832827425,0.0,0
756,2021-09-06 00:01:15.600,tag1,2.606094177253128,6.012105915536286,0.0,0
757,2021-09-06 00:01:15.700,tag1,2.5739946767563104,5.920408080144205,0.0,0
758,2021-09-06 00:01:15.800,tag1,2.5882220104409024,5.901336076358309,0.0,0
759,2021-09-06 00:01:15.900,tag1,2.5548294814132784,5.836609213268818,0.0,0
760,2021-09-06 00:01:16.000,tag1,2.5615313439446807,5.851975957730111,0.0,0
761,2021-09-06 00:01:16.100,tag1,2.635590576809507,5.773809321743072,0.0,0
762,2021-09-06 00:01:16.200,tag1,2.6124649368692388,5.724645523743114,0.0,0
763,2021-09-06 00:01:16.300,tag1,2.585150955557594,5.725869816525326,0.0,0
764,2021-09-06 00:01:16.400,tag1,2.6204396412808273,5.689426939389478,0.0,0
765,2021-09-06 00:01:16.500,tag1,2.6061090769059807,5.624025242241655,0.0,0
766,2021-09-06 00:01:16.600,tag1,2.5947488465678004,5.576758352256102,0.0,0
767,2021-09-06 00:01:16.700,tag1,2.6108882499203974,5.510607726053218,0.0,0
768,2021-09-06 00:01:16.800,tag1,2.642973985465267,5.460526035715495,0.0,0
769,2021-09-06 00:01:16.900,tag1,2.6051608391214955,5.428943432087865,0.0,0
770,2021-09-06 00:01:17.000,tag1,2.5799419203480443,5.443989808879538,0.0,0
771,2021-09-06 00:01:17.100,tag1,2.5755402437198898,5.356025560773896,0.0,0
772,2021-09-06 00:01:17.200,tag1,2.5865809595696834,5.308016525054338,0.0,0
773,2021-09-06 00:01:17.300,tag1,2.6100129306326028,5.299652763663508,0.0,0
774,2021-09-06 00:01:17.400,tag1,2.597209405158858,5.258458778338441,0.0,0
775,2021-09-06 00:01:17.500,tag1,2.586611077884364,5.196466551499819,0.0,0
776,2021-09-06 00:01:17.600,tag1,2.5875400919933993,5.149188905944828,0.0,0
777,2021-09-06 00:01:17.700,tag1,2.624701186580467,5.0862005744245975,0.0,0
778,2021-09-06 00:01:17.800,tag1,2.6157789513307526,5.029103181756393,0.0,0
779,2021-09-06 00:01:17.900,tag1,2.5808099343937823,5.030972977098414,0.0,0
780,2021-09-06 00:01:18.000,tag1,2.6247337545056917,4.984512349052715,0.0,0
781,2021-09-06 00:01:18.100,tag1,2.6204246417540586,5.002783197610955,0.0,0
782,2021-09-06 00:01:18.200,tag1,2.572774513369702,4.908126078351624,0.0,0
783,2021-09-06 00:01:18.300,tag1,2.6011981958227093,4.887329212710712,0.0,0
784,2021-09-06 00:01:18.400,tag1,2.630497649307872,4.822514632798262,0.0,0
785,2021-09-06 00:01:18.500,tag1,2.6089436054514628,4.803371705370361,0.0,0
786,2021-09-06 00:01:18.600,tag1,2.606153503064098,4.7375397221283775,0.0,0
787,2021-09-06 00:01:18.700,tag1,2.5785810483652236,4.677201726677837,0.0,0
788,2021-09-06 00:01:18.800,tag1,2.5930274970282507,4.651011308004826,0.0,0
789,2021-09-06 00:01:18.900,tag1,2.615462195532084,4.61777216941966,0.0,0
790,2021-09-06 00:01:19.000,tag1,2.607494644780578,4.548915018232755,0.0,0
791,2021-09-06 00:01:19.100,tag1,2.570806575390072,4.549701314493937,0.0,0
792,2021-09-06 00:01:19.200,tag1,2.6099219868565977,4.510290269734585,0.0,0
793,2021-09-06 00:01:19.300,tag1,2.6158235419297426,4.4422262788237505,0.0,0
794,2021-09-06 00:01:19.400,tag1,2.5907961353497284,4.446191645768863,0.0,0
795,2021-09-06 00:01:19.500,tag1,2.602193250869849,4.365394331249487,0.0,0
796,2021-09-06 00:01:19.600,tag1,2.5502368617257782,4.3235449040789025,0.0,0
797,2021-09-06 00:01:19.700,tag1,2.598241249107655,4.26708879473833,0.0,0
798,2021-09-06 00:01:19.800,tag1,2.600698834043055,4.2753017199919405,0.0,0
799,2021-09-06 00:01:19.900,tag1,2.5805734429611826,4.240843622647443,0.0,0
